apl.a		APL		88	ISO standard APL
avgrdbd.a	AvantB		155	Avant Garde Bold
avgrdbk.a	Avant		151	Avant Garde Book
avgrddbd.a	AvantDB		154	Avant Garde Demi-bold
avgrdlt.a	AvantL		152	Avant Garde Light
avgrdmed.a	AvantM		153	Avant Garde Medium
bask.a		Basker		166	Baskerville
baskbd.a	BaskerB		168	Baskerville Bold
baskbdit.a	BaskerBI	169	Baskerville Bold Italic
baskit.a	BaskerI		167	Baskerville Italic
bem.a		Bembo		161	Bembo
bembd.a		BemboB		163	Bembo Bold
bembdit.a	BemboBI		164	Bembo Bold Italic
bemit.a		BemboI		162	Bembo Italic
bitmap.a	Bitmap		999	Pattern = 63 + <char num>
breug.a		Breughel	25	Breughel
breugbd.a	BreughelB	27	Breughel Bold
breugit.a	BreughelI	26	Breughel Italic
cal.a		Caledon		156	Caledonia
calbd.a		CaledonB	158	Caledonia Bold
calbdit.a	CaledonBI	159	Caledonia Bold Italic
calit.a		CaledonI	157	Caledonia Italic
caslon.a	Caslon		127	Caslon
caslonit.a	CaslonI		128	Caslon Italic
casold.a	Casold		129	Caslon Old Style
casoldit.a	CasoldI		130	Caslon Old Style Italic
centbd.a	CentB		46	Century Bold
centbdit.a	CentBI		47	Century Bold Italic
centit.a	CentI		45	Century Italic
centsch.a	Centsb		41	Century Schoolbook
centschbd.a	CentsbB		43	Century Schoolbook Bold
centschit.a	CentsbI		42	Century Schoolbook Italic
chempi.a	Chempi		102	Chemical Pi
chess.a		CH		82	Chess
cs.a		CS		89	Courier Constant Width Slanted
cw.a		CW		85	Courier Constant Width
eur.a		Euro		131	Eurostyle
eurbd.a		EuroB		133	Eurostyle Bold
eurex.a		Euroexp		134	Eurostyle Expanded
eurexbd.a	EuroexpB	135	Eurostyle Expanded Bold
eurit.a		EuroI		132	Eurostyle Italic
futbk.a		Futura		51	Futura Book
futbkit.a	FuturaI		52	Futura Book Italic
futhvy.a	FuturaH		54	Futura Heavy
futmed.a	FuturaB		53	Futura Medium
gar.a		Garamond	55	Garamond
garbd.a		GaramondB	57	Garamond Bold
garbdit.a	GaramondBI	58	Garamond Bold Italic
garit.a		GaramondI	56	Garamond Italic
gillsans.a	Gillsans	61	Gill Sans
gillsansbd.a	GillsansB	63	Gill Sans Bold
gillsansit.a	GillsansI	62	Gill Sans Italic
greek.a		GR		86	Greek
grey.a		Grey		87	Grey Scale
hlv.a		H		11	Helvetica
hlvbd.a		HB		13	Helvetica Bold
hlvbdit.a	HX		14	Helvetica Bold Italic
hlvbdito.a	HoutlineBI	8	Helvetica Bold Italic Outline
hlvbdo.a	HoutlineB	7	Helvetica Bold Outline
hlvblk.a	HK		15	Helvetica Black
hlvblko.a	OK		9	Helvetica Black Outline
hlvcond.a	Hcond		16	Helvetica Condensed
hlvcondbd.a	HcondB		18	Helvetica Condensed Bold
hlvcondit.a	HcondI		17	Helvetica Condensed Italic
hlvit.a		HI		12	Helvetica Italic
hlvlt.a		Hlight		19	Helvetica Light
hlvltit.a	HlightI		20	Helvetica Light Italic
hlvo.a		Houtline	6	Helvetica Outline
korhvy.a	KorinnaH	67	Korinna Heavy
linotext.a	OE		65	Linotext / Old English
mel.a		Melior		37	Melior
melbd.a		MeliorB		39	Melior Bold
melbdit.a	MeliorBI	40	Melior Bold Italic
melit.a		MeliorI		38	Melior Italic
membd.a		MemphisB	33	Memphis Bold
membdit.a	MemphisBI	34	Memphis Bold Italic
memmed.a	Memphis		31	Memphis Medium
memmedit.a	MemphisI	32	Memphis Medium Italic
memxbd.a	MemphisBK	35	Memphis Extra Bold
memxbdit.a	MemphisKI	36	Memphis Extra Bold Italic
mrgch.a		--		83	Mergenthaler Chess Pi
oeo.a		--		68	Old English Outline
opt.a		Optima		141	Optima
optbd.a		OptimaB		143	Optima Bold
optbdit.a	OptimaBI	144	Optima Bold Italic
optblk.a	OptimaBK	145	Optima Black
optit.a		OptimaI		142	Optima Italic
optmed.a	OptimaM		146	Optima Medium
optmedit.a	OptimaMI	147	Optima Medium Italic
pal.a		PA		21	Palatino
palbd.a		PB		23	Palatino Bold
palbdit.a	PX		24	Palatino Bold Italic
palit.a		PI		22	Palatino Italic
po.a		PO		81	Printout
newpo.a		--		198	New printout
smiley.a	--		199	Smiley Faces
spartan.a	Spartan		71	Spartan Book
spartan5.a	SpartanBK	74	Spartan 5
spartanbd.a	SpartanB	73	Spartan Book Bold
spartanit.a	SpartanI	72	Spartan Book Italic
special.a	S		103	Special
states.a	US		104	United States
svnrdbd.a	SouvenirBK	125	Souvenir Demi-bold
svnrdbdit.a	SouvenirKI	126	Souvenir Demi-bold Italic
svnrlt.a	Souvenir	121	Souvenir Light
svnrltit.a	SouvenirI	122	Souvenir Light Italic
svnrmed.a	SouvenirB	123	Souvenir Medium
svnrmedit.a	SouvenirBI	124	Souvenir Medium Italic
textyp.a	Textype		75	Textype
textypbd.a	TextypeB	77	Textype Bold
textypit.a	TextypeI	76	Textype Italic
tim.a		R		1	Times Roman
timbd.a		B		3	Times Bold
timbdit.a	BI		4	Times Bold Italic
timit.a		I		2	Times Italic
univastropi.a	Astropi		105	Universal Astrological Pi
univcommpi.a	Commpi		106	Universal Commercial Pi
univmusicpi.a	Musicpi		107	Universal Music Pi
univtimtbl2.a	T2		108	Universal Time Table Pi 2
univtimtbl3.a	T3		109	Universal Time Table Pi 3
unma1.a		M1		111	Universal Math Pi 1
unma2.a		M2		112	Universal Math Pi 2
unma3.a		M3		113	Universal Math Pi 3
unma4.a		M4		114	Universal Math Pi 4
unma6.a		M6		115	Universal Math Pi 6
unma8.a		M8		116	Universal Math Pi 8
zapbklt.a	Zapf		91	Zapf Book Light
zapbkltit.a	ZapfI		92	Zapf Book Light Italic
zapdemi.a	ZapfBK		95	Zapf Demi
zapdemiit.a	ZapfKI		96	Zapf Demi Italic
zapmed.a	ZapfB		93	Zapf Medium
zapmedit.a	ZapfBI		94	Zapf Medium Italic
